{"hi": 54, "_timestamp": 1690814641.3799982, "_runtime": 2823.0487792491913, "_step": 1, "df": 45}