{"ae_loss": 0.041523126885294914, "_timestamp": 1690814839.8980892, "_runtime": 46.95504307746887, "_step": 0}